timestamp,cpu_usage_percent,memory_usage_mb
27-05-2025 00:00,54.96714153,4427
27-05-2025 00:01,48.61735699,4682
27-05-2025 00:02,56.47688538,4186
27-05-2025 00:03,65.23029856,3447
27-05-2025 00:04,47.65846625,4295
27-05-2025 00:05,47.65863043,3770
27-05-2025 00:06,65.79212816,3831
27-05-2025 00:07,57.67434729,4389
27-05-2025 00:08,45.30525614,4715
27-05-2025 00:09,55.42560044,4106
27-05-2025 00:10,45.36582307,4250
27-05-2025 00:11,45.34270246,4947
27-05-2025 00:12,52.41962272,4216
27-05-2025 00:13,30.86719755,5396
27-05-2025 00:14,32.75082167,4378
27-05-2025 00:15,44.37712471,3215
27-05-2025 00:16,39.8716888,4472
27-05-2025 00:17,53.14247333,4286
27-05-2025 00:18,40.91975924,4740
27-05-2025 00:19,35.87696299,4432
27-05-2025 00:20,64.65648769,4026
27-05-2025 00:21,47.742237,3483
27-05-2025 00:22,50.67528205,3991
27-05-2025 00:23,35.75251814,3670
27-05-2025 00:24,44.55617275,3805
27-05-2025 00:25,51.1092259,4390
27-05-2025 00:26,38.49006423,4930
27-05-2025 00:27,53.75698018,4293
27-05-2025 00:28,43.9936131,3498
27-05-2025 00:29,47.0830625,4318
27-05-2025 00:30,43.98293388,4694
27-05-2025 00:31,68.52278185,3791
27-05-2025 00:32,49.86502775,4028
27-05-2025 00:33,39.42289071,4103
27-05-2025 00:34,58.22544912,3703
27-05-2025 00:35,37.7915635,4420
27-05-2025 00:36,52.08863595,4035
27-05-2025 00:37,30.40329876,4305
27-05-2025 00:38,36.71813951,3652
27-05-2025 00:39,51.96861236,3877
27-05-2025 00:40,57.3846658,4457
27-05-2025 00:41,51.71368281,3909
27-05-2025 00:42,48.84351718,4959
27-05-2025 00:43,46.98896304,3896
27-05-2025 00:44,35.2147801,4208
27-05-2025 00:45,42.80155792,4562
27-05-2025 00:46,45.39361229,3386
27-05-2025 00:47,60.57122226,3215
27-05-2025 00:48,53.4361829,3333
27-05-2025 00:49,32.36959845,4727
27-05-2025 00:50,53.24083969,3820
27-05-2025 00:51,46.1491772,5375
27-05-2025 00:52,43.23078,3813
27-05-2025 00:53,56.11676289,4188
27-05-2025 00:54,60.30999522,4867
27-05-2025 00:55,59.31280119,5099
27-05-2025 00:56,41.60782477,5126
27-05-2025 00:57,46.90787624,4700
27-05-2025 00:58,53.31263431,4608
27-05-2025 00:59,59.75545127,4392
27-05-2025 01:00,45.20825762,4485
27-05-2025 01:01,48.14341023,3820
27-05-2025 01:02,38.93665026,3686
27-05-2025 01:03,38.03793376,4094
27-05-2025 01:04,58.12525822,4010
27-05-2025 01:05,63.56240029,3869
27-05-2025 01:06,49.27989878,4444
27-05-2025 01:07,60.03532898,4573
27-05-2025 01:08,53.61636025,4140
27-05-2025 01:09,43.54880245,4834
27-05-2025 01:10,53.61395606,3525
27-05-2025 01:11,65.38036566,3999
27-05-2025 01:12,49.64173961,3737
27-05-2025 01:13,65.64643656,3162
27-05-2025 01:14,23.80254896,4054
27-05-2025 01:15,58.21902504,4035
27-05-2025 01:16,50.87047068,4852
27-05-2025 01:17,47.0099265,4411
27-05-2025 01:18,50.91760777,3583
27-05-2025 01:19,30.12431085,5023
27-05-2025 01:20,47.80328112,4706
27-05-2025 01:21,53.57112572,4387
27-05-2025 01:22,64.77894045,3982
27-05-2025 01:23,44.81729782,3616
27-05-2025 01:24,41.91506397,3909
27-05-2025 01:25,44.98242956,4640
27-05-2025 01:26,59.15402118,5038
27-05-2025 01:27,53.2875111,4867
27-05-2025 01:28,44.70239796,3851
27-05-2025 01:29,55.13267433,3536
27-05-2025 01:30,50.97077549,4166
27-05-2025 01:31,59.68644991,3211
27-05-2025 01:32,42.97946906,4257
27-05-2025 01:33,46.72337853,4022
27-05-2025 01:34,46.07891847,3862
27-05-2025 01:35,35.36485052,3298
27-05-2025 01:36,52.96120277,4352
27-05-2025 01:37,52.61055272,3829
27-05-2025 01:38,50.05113457,3511
27-05-2025 01:39,47.65412867,2659
27-05-2025 01:40,35.84629258,4082
27-05-2025 01:41,45.79354677,4982
27-05-2025 01:42,46.57285483,4926
27-05-2025 01:43,41.97722731,3867
27-05-2025 01:44,48.38714288,3794
27-05-2025 01:45,54.04050857,4330
27-05-2025 01:46,68.86185901,3596
27-05-2025 01:47,51.74577813,4246
27-05-2025 01:48,52.57550391,4479
27-05-2025 01:49,49.25554084,4709
27-05-2025 01:50,30.81228785,4045
27-05-2025 01:51,49.73486125,3994
27-05-2025 01:52,50.6023021,3657
27-05-2025 01:53,74.63242112,3682
27-05-2025 01:54,48.07639035,3982
27-05-2025 01:55,53.01547342,4279
27-05-2025 01:56,49.6528823,4552
27-05-2025 01:57,38.31321962,3694
27-05-2025 01:58,61.42822815,4842
27-05-2025 01:59,57.51933033,3960
27-05-2025 02:00,57.91031947,4085
27-05-2025 02:01,40.90612545,3722
27-05-2025 02:02,64.02794311,2883
27-05-2025 02:03,35.98148937,4538
27-05-2025 02:04,55.86857094,4464
27-05-2025 02:05,71.90455626,3955
27-05-2025 02:06,40.09463675,4129
27-05-2025 02:07,44.3370227,4353
27-05-2025 02:08,50.99651365,3314
27-05-2025 02:09,44.96524346,3831
27-05-2025 02:10,34.49336569,4493
27-05-2025 02:11,50.68562975,3468
27-05-2025 02:12,39.37696286,4242
27-05-2025 02:13,54.73592431,3417
27-05-2025 02:14,40.80575766,4329
27-05-2025 02:15,65.49934405,4078
27-05-2025 02:16,42.16746708,3288
27-05-2025 02:17,46.77938484,4678
27-05-2025 02:18,58.13517217,3728
27-05-2025 02:19,37.69135684,3690
27-05-2025 02:20,52.27459935,4196
27-05-2025 02:21,63.07142754,4670
27-05-2025 02:22,33.92516765,3588
27-05-2025 02:23,51.84633859,4126
27-05-2025 02:24,52.59882794,4310
27-05-2025 02:25,57.81822872,4442
27-05-2025 02:26,37.63049289,4184
27-05-2025 02:27,36.79543387,3912
27-05-2025 02:28,55.21941566,3682
27-05-2025 02:29,52.96984673,4139
27-05-2025 02:30,52.5049285,3559
27-05-2025 02:31,53.46448209,2635
27-05-2025 02:32,43.19975278,4314
27-05-2025 02:33,52.32253697,4547
27-05-2025 02:34,52.93072473,2914
27-05-2025 02:35,42.85648582,3591
27-05-2025 02:36,68.65774511,4405
27-05-2025 02:37,54.73832921,5124
27-05-2025 02:38,38.08696503,4106
27-05-2025 02:39,56.56553609,3731
27-05-2025 02:40,40.2531833,4004
27-05-2025 02:41,57.87084604,4783
27-05-2025 02:42,61.58595579,3773
27-05-2025 02:43,41.79317682,3696
27-05-2025 02:44,59.63376129,3854
27-05-2025 02:45,54.12780927,3619
27-05-2025 02:46,58.2206016,4157
27-05-2025 02:47,68.96792983,4908
27-05-2025 02:48,47.54611884,4257
27-05-2025 02:49,42.46263836,3969
27-05-2025 02:50,41.1048557,3950
27-05-2025 02:51,41.84189715,3314
27-05-2025 02:52,49.22898291,4537
27-05-2025 02:53,53.41151975,4057
27-05-2025 02:54,52.76690799,4005
27-05-2025 02:55,58.27183249,5692
27-05-2025 02:56,50.13001892,4245
27-05-2025 02:57,64.53534077,3720
27-05-2025 02:58,47.35343167,3882
27-05-2025 02:59,77.20169167,4670
27-05-2025 03:00,56.25667348,4152
27-05-2025 03:01,41.42842444,3376
27-05-2025 03:02,39.29107502,4555
27-05-2025 03:03,54.82472415,3761
27-05-2025 03:04,47.76537215,5032
27-05-2025 03:05,57.14000494,4636
27-05-2025 03:06,54.73237625,3872
27-05-2025 03:07,49.27171087,4736
27-05-2025 03:08,41.53206282,4129
27-05-2025 03:09,34.85152775,4522
27-05-2025 03:10,45.53485048,4338
27-05-2025 03:11,58.56398794,3672
27-05-2025 03:12,52.14093744,3774
27-05-2025 03:13,37.54261221,4610
27-05-2025 03:14,51.73180926,3928
27-05-2025 03:15,53.8531738,3894
27-05-2025 03:16,41.16142564,3618
27-05-2025 03:17,51.53725106,4307
27-05-2025 03:18,50.58208718,5127
27-05-2025 03:19,38.57029702,3562
27-05-2025 03:20,53.5778736,4108
27-05-2025 03:21,55.60784526,4802
27-05-2025 03:22,60.83051243,4056
27-05-2025 03:23,60.53802052,4322
27-05-2025 03:24,36.22330632,3564
27-05-2025 03:25,40.6217496,4310
27-05-2025 03:26,55.15035267,4002
27-05-2025 03:27,55.13785951,4588
27-05-2025 03:28,55.15047686,4689
27-05-2025 03:29,88.52731491,5390
27-05-2025 03:30,55.70890511,4385
27-05-2025 03:31,61.3556564,4258
27-05-2025 03:32,59.54001763,4193
27-05-2025 03:33,56.51391251,3919
27-05-2025 03:34,46.84730755,4265
27-05-2025 03:35,57.5896922,3948
27-05-2025 03:36,42.27174785,4180
27-05-2025 03:37,47.63181393,4754
27-05-2025 03:38,45.14636452,3592
27-05-2025 03:39,50.81874139,4665
27-05-2025 03:40,73.14658567,4754
27-05-2025 03:41,31.32734807,4036
27-05-2025 03:42,56.8626019,3035
27-05-2025 03:43,33.87284129,3792
27-05-2025 03:44,45.28068134,4744
27-05-2025 03:45,60.88950597,4084
27-05-2025 03:46,50.64280019,3596
27-05-2025 03:47,39.22255222,3843
27-05-2025 03:48,42.84696291,4516
27-05-2025 03:49,56.79597749,4369
27-05-2025 03:50,42.69633368,3976
27-05-2025 03:51,52.1645859,3912
27-05-2025 03:52,50.4557184,3900
27-05-2025 03:53,43.48399652,3634
27-05-2025 03:54,71.43944089,4903
27-05-2025 03:55,56.33919022,3934
27-05-2025 03:56,29.74857413,4704
27-05-2025 03:57,51.86454315,4856
27-05-2025 03:58,43.38213535,4595
27-05-2025 03:59,58.52433335,3880
27-05-2025 04:00,42.07479262,4297
27-05-2025 04:01,48.85263559,4083
27-05-2025 04:02,55.04987279,3644
27-05-2025 04:03,58.65755194,4258
27-05-2025 04:04,37.99703593,3506
27-05-2025 04:05,46.65498764,4689
27-05-2025 04:06,45.25054689,3863
27-05-2025 04:07,43.46670767,4196
27-05-2025 04:08,67.6545424,4237
27-05-2025 04:09,54.04981711,3966
27-05-2025 04:10,37.39116046,4389
27-05-2025 04:11,59.17861947,3858
27-05-2025 04:12,71.22156197,4531
27-05-2025 04:13,60.32465261,3423
27-05-2025 04:14,34.80630034,4159
27-05-2025 04:15,45.15765927,5065
27-05-2025 04:16,62.66911149,3595
27-05-2025 04:17,42.92330534,3757
27-05-2025 04:18,54.43819428,4352
27-05-2025 04:19,57.74634053,4185
27-05-2025 04:20,40.73069528,4271
27-05-2025 04:21,49.40474644,4340
27-05-2025 04:22,17.5873266,4413
27-05-2025 04:23,39.75612359,4650
27-05-2025 04:24,47.47431849,4300
27-05-2025 04:25,37.52216818,3975
27-05-2025 04:26,66.32411304,4432
27-05-2025 04:27,35.69858622,5045
27-05-2025 04:28,45.59955513,4029
27-05-2025 04:29,51.30740577,3608
27-05-2025 04:30,64.41273289,4649
27-05-2025 04:31,35.64137849,4035
27-05-2025 04:32,61.63163752,3009
27-05-2025 04:33,50.10233061,4519
27-05-2025 04:34,40.18491349,3828
27-05-2025 04:35,54.62103474,4050
27-05-2025 04:36,51.99059696,4261
27-05-2025 04:37,43.99783123,4191
27-05-2025 04:38,50.69802085,4450
27-05-2025 04:39,46.14686403,3878
27-05-2025 04:40,51.13517345,4352
27-05-2025 04:41,56.62130675,3966
27-05-2025 04:42,65.86016816,4465
27-05-2025 04:43,37.62184501,4403
27-05-2025 04:44,71.33033375,3628
27-05-2025 04:45,30.479122,4638
27-05-2025 04:46,48.48214905,3828
27-05-2025 04:47,55.88317206,4500
27-05-2025 04:48,52.80991868,4279
27-05-2025 04:49,43.7730048,5015
27-05-2025 04:50,47.9187775,3984
27-05-2025 04:51,45.06999065,3921
27-05-2025 04:52,44.10635243,4086
27-05-2025 04:53,58.49602097,3944
27-05-2025 04:54,53.57015486,4495
27-05-2025 04:55,43.07090405,3287
27-05-2025 04:56,58.99599875,3569
27-05-2025 04:57,53.07299521,3562
27-05-2025 04:58,58.12862119,4571
27-05-2025 04:59,56.29628842,4951
27-05-2025 05:00,41.71004989,4043
27-05-2025 05:01,44.3981896,4011
27-05-2025 05:02,57.47293605,4131
27-05-2025 05:03,56.10370265,4676
27-05-2025 05:04,49.79098406,3632
27-05-2025 05:05,51.17327383,4215
27-05-2025 05:06,62.77664896,4583
27-05-2025 05:07,44.08428611,4346
27-05-2025 05:08,55.47097381,4190
27-05-2025 05:09,47.97807348,4596
27-05-2025 05:10,47.82318797,2744
27-05-2025 05:11,60.98776852,4434
27-05-2025 05:12,58.25416349,3768
27-05-2025 05:13,58.13509636,3180
27-05-2025 05:14,63.05478807,4351
27-05-2025 05:15,50.21003842,4782
27-05-2025 05:16,56.81952971,4027
27-05-2025 05:17,46.89733243,4572
27-05-2025 05:18,53.24166352,4902
27-05-2025 05:19,48.69856946,4753
27-05-2025 05:20,50.96995965,4915
27-05-2025 05:21,55.95157025,4467
27-05-2025 05:22,41.81779317,4133
27-05-2025 05:23,70.92387276,3295
27-05-2025 05:24,39.93982619,3972
27-05-2025 05:25,37.85811387,3674
27-05-2025 05:26,61.58110874,5181
27-05-2025 05:27,57.91662694,4008
27-05-2025 05:28,56.24119817,4157
27-05-2025 05:29,56.28345509,4371
27-05-2025 05:30,49.87753227,4117
27-05-2025 05:31,41.02745629,4943
27-05-2025 05:32,50.75804558,3784
27-05-2025 05:33,43.22838288,4193
27-05-2025 05:34,59.75119733,3724
27-05-2025 05:35,48.52942618,3435
27-05-2025 05:36,41.74502803,3790
27-05-2025 05:37,46.78614158,4077
27-05-2025 05:38,54.12931454,3881
27-05-2025 05:39,44.36275447,3749
27-05-2025 05:40,41.77779604,3392
27-05-2025 05:41,52.43687211,4054
27-05-2025 05:42,52.44966571,3343
27-05-2025 05:43,44.93056825,4476
27-05-2025 05:44,45.28961694,4137
27-05-2025 05:45,52.32049937,3367
27-05-2025 05:46,35.51915659,3941
27-05-2025 05:47,35.92536226,3719
27-05-2025 05:48,42.81555779,4255
27-05-2025 05:49,47.86552848,4766
27-05-2025 05:50,53.10907566,3158
27-05-2025 05:51,64.75356217,4153
27-05-2025 05:52,58.57659623,4015
27-05-2025 05:53,48.4006147,4431
27-05-2025 05:54,49.80983792,4202
27-05-2025 05:55,39.97470635,3720
27-05-2025 05:56,49.81486864,3936
27-05-2025 05:57,47.11341361,3697
27-05-2025 05:58,53.2271856,4634
27-05-2025 05:59,41.72769056,4106
27-05-2025 06:00,55.19346514,5046
27-05-2025 06:01,65.32738913,4065
27-05-2025 06:02,48.91239852,3741
27-05-2025 06:03,54.01711722,3339
27-05-2025 06:04,56.90143992,3194
27-05-2025 06:05,45.98779528,3303
27-05-2025 06:06,52.24092482,4229
27-05-2025 06:07,50.12592401,4350
27-05-2025 06:08,50.97676099,3305
27-05-2025 06:09,42.26990216,4543
27-05-2025 06:10,50.24510174,3854
27-05-2025 06:11,54.97998291,4169
27-05-2025 06:12,64.51143608,4902
27-05-2025 06:13,59.59270826,4544
27-05-2025 06:14,71.53182458,3961
27-05-2025 06:15,42.32652437,3650
27-05-2025 06:16,58.72320637,3020
27-05-2025 06:17,51.83342006,3736
27-05-2025 06:18,71.89802933,3990
27-05-2025 06:19,41.91701715,3602
27-05-2025 06:20,41.60278158,4030
27-05-2025 06:21,44.00607355,4134
27-05-2025 06:22,28.76104276,3983
27-05-2025 06:23,44.74244978,3770
27-05-2025 06:24,42.40867338,4180
27-05-2025 06:25,51.50393786,4316
27-05-2025 06:26,53.41755976,3550
27-05-2025 06:27,68.76170839,4801
27-05-2025 06:28,59.50423838,4046
27-05-2025 06:29,44.23096344,4105
27-05-2025 06:30,41.01585329,4450
27-05-2025 06:31,54.91919172,4212
27-05-2025 06:32,36.79766793,4572
27-05-2025 06:33,68.31458766,4239
27-05-2025 06:34,61.79440121,3789
27-05-2025 06:35,45.30824348,4276
27-05-2025 06:36,32.86865471,3524
27-05-2025 06:37,63.53872374,4150
27-05-2025 06:38,48.85460155,4079
27-05-2025 06:39,62.37816312,3991
27-05-2025 06:40,34.05572341,4031
27-05-2025 06:41,44.00624977,3155
27-05-2025 06:42,50.052437,3821
27-05-2025 06:43,50.46980594,4142
27-05-2025 06:44,45.49934529,4175
27-05-2025 06:45,56.22849932,3582
27-05-2025 06:46,39.32379571,4728
27-05-2025 06:47,48.57620515,3662
27-05-2025 06:48,51.20295632,4580
27-05-2025 06:49,55.14438834,4309
27-05-2025 06:50,57.11614878,3772
27-05-2025 06:51,38.75357908,4983
27-05-2025 06:52,34.65885829,3499
27-05-2025 06:53,62.77676822,4555
27-05-2025 06:54,53.32314012,4596
27-05-2025 06:55,42.51513463,3760
27-05-2025 06:56,65.51151976,4792
27-05-2025 06:57,51.15674634,3970
27-05-2025 06:58,61.79297184,4240
27-05-2025 06:59,50.67518481,4226
27-05-2025 07:00,70.60747925,4028
27-05-2025 07:01,67.55340842,4501
27-05-2025 07:02,47.51035852,4492
27-05-2025 07:03,59.71570951,3221
27-05-2025 07:04,56.4537595,4748
27-05-2025 07:05,63.68631558,3264
27-05-2025 07:06,40.35076539,4612
27-05-2025 07:07,56.8605146,4659
27-05-2025 07:08,60.58424487,3550
27-05-2025 07:09,32.41260514,3890
27-05-2025 07:10,38.16741487,3543
27-05-2025 07:11,29.60767822,3988
27-05-2025 07:12,47.30593166,3941
27-05-2025 07:13,57.17542256,4485
27-05-2025 07:14,65.02357052,4751
27-05-2025 07:15,50.7409478,4793
27-05-2025 07:16,66.28615546,3814
27-05-2025 07:17,36.19898542,3991
27-05-2025 07:18,32.96617561,3254
27-05-2025 07:19,49.44452301,3693
27-05-2025 07:20,53.84065449,4578
27-05-2025 07:21,49.67305252,4903
27-05-2025 07:22,29.325579,3478
27-05-2025 07:23,49.1087996,3799
27-05-2025 07:24,36.95530499,4082
27-05-2025 07:25,56.69672549,4236
27-05-2025 07:26,53.66598246,3691
27-05-2025 07:27,40.60120214,4308
27-05-2025 07:28,44.86133083,3859
27-05-2025 07:29,39.40786478,4088
27-05-2025 07:30,49.37320903,4369
27-05-2025 07:31,59.55142321,4099
27-05-2025 07:32,40.14273954,3877
27-05-2025 07:33,55.04046516,4041
27-05-2025 07:34,44.69742382,4051
27-05-2025 07:35,42.07127168,3910
27-05-2025 07:36,48.9296964,3966
27-05-2025 07:37,39.64757678,4895
27-05-2025 07:38,44.46350695,4376
27-05-2025 07:39,38.02122107,3948
27-05-2025 07:40,69.64725133,4444
27-05-2025 07:41,50.35263552,3929
27-05-2025 07:42,43.00274492,4682
27-05-2025 07:43,52.13979911,4280
27-05-2025 07:44,48.8767195,4042
27-05-2025 07:45,47.790304,4319
27-05-2025 07:46,56.141667,3310
27-05-2025 07:47,57.5750771,3532
27-05-2025 07:48,44.69498852,3499
27-05-2025 07:49,44.24181759,4167
27-05-2025 07:50,47.24948303,4962
27-05-2025 07:51,26.98078835,5211
27-05-2025 07:52,34.84808938,4415
27-05-2025 07:53,63.66874267,4346
27-05-2025 07:54,66.44967714,3195
27-05-2025 07:55,47.5096396,3824
27-05-2025 07:56,55.76556963,3702
27-05-2025 07:57,53.11250155,3785
27-05-2025 07:58,80.78880808,4011
27-05-2025 07:59,61.19574911,3859
27-05-2025 08:00,48.72082409,3106
27-05-2025 08:01,40.44459559,4469
27-05-2025 08:02,33.9355368,3559
27-05-2025 08:03,52.03463636,4215
27-05-2025 08:04,42.43649255,5133
27-05-2025 08:05,35.7774629,3636
27-05-2025 08:06,43.53427116,2830
27-05-2025 08:07,39.18451996,3952
27-05-2025 08:08,66.87141635,4646
27-05-2025 08:09,58.81639757,5075
27-05-2025 08:10,49.92027359,3481
27-05-2025 08:11,64.79944139,4344
27-05-2025 08:12,50.77368308,3863
27-05-2025 08:13,41.38715799,4043
27-05-2025 08:14,65.23124077,5418
27-05-2025 08:15,55.38910044,3344
27-05-2025 08:16,39.62753846,4222
27-05-2025 08:17,48.09661322,4329
27-05-2025 08:18,41.24381747,4638
27-05-2025 08:19,36.17200269,4144
27-05-2025 08:20,59.26177548,4250
27-05-2025 08:21,69.0941664,3900
27-05-2025 08:22,36.01432426,4230
27-05-2025 08:23,55.62969237,3924
27-05-2025 08:24,43.49357431,4406
27-05-2025 08:25,45.12874616,3911
27-05-2025 08:26,44.07606076,4284
27-05-2025 08:27,41.3600923,4081
27-05-2025 08:28,50.48521628,4659
27-05-2025 08:29,41.69049884,4070
27-05-2025 08:30,52.70456826,3209
27-05-2025 08:31,49.49761891,4726
27-05-2025 08:32,47.61051953,3643
27-05-2025 08:33,40.92436338,3769
27-05-2025 08:34,44.23228669,3798
27-05-2025 08:35,57.55391226,4783
27-05-2025 08:36,55.00917188,3028
27-05-2025 08:37,40.22444755,5664
27-05-2025 08:38,50.99332305,4624
27-05-2025 08:39,57.51387123,4207
27-05-2025 08:40,33.30594719,4068
27-05-2025 08:41,55.43360192,4238
27-05-2025 08:42,43.37376241,4356
27-05-2025 08:43,55.70598669,4418
27-05-2025 08:44,42.36740843,4373
27-05-2025 08:45,31.95117899,4140
27-05-2025 08:46,33.72457562,3997
27-05-2025 08:47,50.48084947,4020
27-05-2025 08:48,52.59722502,3998
27-05-2025 08:49,40.95683375,4662
27-05-2025 08:50,56.38592459,4392
27-05-2025 08:51,33.38479938,2625
27-05-2025 08:52,49.33920201,4423
27-05-2025 08:53,37.889838,4193
27-05-2025 08:54,43.48163892,4086
27-05-2025 08:55,50.47398671,3901
27-05-2025 08:56,41.39586635,4658
27-05-2025 08:57,46.15444456,4569
27-05-2025 08:58,60.06292809,3709
27-05-2025 08:59,44.2310813,4299
27-05-2025 09:00,58.35692112,3610
27-05-2025 09:01,38.70293145,3406
27-05-2025 09:02,55.29804178,3782
27-05-2025 09:03,64.41568621,4527
27-05-2025 09:04,25.283555,4572
27-05-2025 09:05,42.03104745,4352
27-05-2025 09:06,55.77072127,4458
27-05-2025 09:07,47.96954614,4354
27-05-2025 09:08,53.71145873,3775
27-05-2025 09:09,43.96014813,4311
27-05-2025 09:10,50.86589787,4496
27-05-2025 09:11,48.44322765,4473
27-05-2025 09:12,61.67782062,4690
27-05-2025 09:13,52.54420843,4450
27-05-2025 09:14,53.37602662,4271
27-05-2025 09:15,45.88123034,4631
27-05-2025 09:16,45.12393776,4082
27-05-2025 09:17,45.67441812,3655
27-05-2025 09:18,53.94452142,4014
27-05-2025 09:19,45.79015519,3723
27-05-2025 09:20,52.89774857,3758
27-05-2025 09:21,70.75400799,4023
27-05-2025 09:22,58.71124703,3699
27-05-2025 09:23,46.73976468,3942
27-05-2025 09:24,62.01213922,3149
27-05-2025 09:25,45.91924627,4202
27-05-2025 09:26,29.61875465,4096
27-05-2025 09:27,39.91913689,3687
27-05-2025 09:28,31.29208079,4425
27-05-2025 09:29,46.48486516,4564
27-05-2025 09:30,50.18418379,3292
27-05-2025 09:31,66.76437312,3714
27-05-2025 09:32,53.26927374,3711
27-05-2025 09:33,47.80899471,3626
27-05-2025 09:34,58.29405581,4510
27-05-2025 09:35,27.88864691,3999
27-05-2025 09:36,52.35614558,3963
27-05-2025 09:37,57.70865194,3094
27-05-2025 09:38,35.21413754,4413
27-05-2025 09:39,61.43754043,3476
27-05-2025 09:40,53.38496407,4125
27-05-2025 09:41,45.84712086,4234
27-05-2025 09:42,56.32781866,4776
27-05-2025 09:43,72.70692858,3441
27-05-2025 09:44,51.81866255,2586
27-05-2025 09:45,52.48220586,4187
27-05-2025 09:46,45.406391,4996
27-05-2025 09:47,41.50155631,4715
27-05-2025 09:48,58.30335817,4200
27-05-2025 09:49,41.43916174,3850
27-05-2025 09:50,50.71566237,4499
27-05-2025 09:51,45.22342553,3609
27-05-2025 09:52,54.78979826,4334
27-05-2025 09:53,53.33662105,4348
27-05-2025 09:54,60.37539944,4626
27-05-2025 09:55,44.89983601,5475
27-05-2025 09:56,47.30125065,4292
27-05-2025 09:57,40.21236284,3841
27-05-2025 09:58,45.5570674,4083
27-05-2025 09:59,53.77300493,3211
27-05-2025 10:00,57.56988617,3748
27-05-2025 10:01,40.77834676,3891
27-05-2025 10:02,58.6960592,3833
27-05-2025 10:03,63.55637859,4172
27-05-2025 10:04,54.13434903,3684
27-05-2025 10:05,68.76795813,4656
27-05-2025 10:06,42.26210801,4096
27-05-2025 10:07,37.55345297,4091
27-05-2025 10:08,32.21279751,3932
27-05-2025 10:09,64.96044311,4173
27-05-2025 10:10,56.54365656,4508
27-05-2025 10:11,49.44415329,3662
27-05-2025 10:12,52.79968626,3766
27-05-2025 10:13,38.74510953,3944
27-05-2025 10:14,74.4575198,3423
27-05-2025 10:15,51.29221182,3686
27-05-2025 10:16,51.09394795,3857
27-05-2025 10:17,57.25766624,4533
27-05-2025 10:18,54.81009232,4227
27-05-2025 10:19,52.23884024,4192
27-05-2025 10:20,42.09525545,4521
27-05-2025 10:21,54.71468357,4027
27-05-2025 10:22,68.82024496,4291
27-05-2025 10:23,63.45420046,4044
27-05-2025 10:24,65.93186627,4228
27-05-2025 10:25,44.88784324,3804
27-05-2025 10:26,40.1039518,2876
27-05-2025 10:27,48.7421308,4028
27-05-2025 10:28,50.55724912,4807
27-05-2025 10:29,60.94191518,4559
27-05-2025 10:30,33.0753537,4578
27-05-2025 10:31,65.29550319,4714
27-05-2025 10:32,48.41992101,4140
27-05-2025 10:33,45.7311893,4194
27-05-2025 10:34,39.87895625,3787
27-05-2025 10:35,33.45143328,3937
27-05-2025 10:36,58.23170584,4403
27-05-2025 10:37,50.73317967,4697
27-05-2025 10:38,37.100391,4026
27-05-2025 10:39,37.04921228,3870
27-05-2025 10:40,46.64215301,4096
27-05-2025 10:41,66.69021525,4396
27-05-2025 10:42,47.40408649,3374
27-05-2025 10:43,34.96857047,2947
27-05-2025 10:44,47.54256936,3820
27-05-2025 10:45,47.2727643,3485
27-05-2025 10:46,23.03113357,3841
27-05-2025 10:47,49.45705133,4022
27-05-2025 10:48,47.6906547,3869
27-05-2025 10:49,56.96206365,4822
27-05-2025 10:50,68.48956095,4259
27-05-2025 10:51,61.2656503,4246
27-05-2025 10:52,47.31111309,4407
27-05-2025 10:53,38.93474091,3526
27-05-2025 10:54,75.73359803,4615
27-05-2025 10:55,50.59218434,4058
27-05-2025 10:56,50.13929292,4431
27-05-2025 10:57,49.75874913,3560
27-05-2025 10:58,51.98084761,3319
27-05-2025 10:59,48.55639588,4504
27-05-2025 11:00,44.26337993,4284
27-05-2025 11:01,44.53141059,3644
27-05-2025 11:02,49.6724673,3661
27-05-2025 11:03,44.56575229,4658
27-05-2025 11:04,42.87154217,3501
27-05-2025 11:05,51.06430228,4917
27-05-2025 11:06,47.45022783,3645
27-05-2025 11:07,65.03992989,4415
27-05-2025 11:08,23.49030192,3931
27-05-2025 11:09,60.91506852,4397
27-05-2025 11:10,62.46085192,3823
27-05-2025 11:11,29.26609768,4014
27-05-2025 11:12,46.57312406,4116
27-05-2025 11:13,46.28559134,3594
27-05-2025 11:14,35.92488305,4466
27-05-2025 11:15,42.22183312,3839
27-05-2025 11:16,38.89424155,3981
27-05-2025 11:17,67.52270443,3598
27-05-2025 11:18,59.35678393,2814
27-05-2025 11:19,62.71555095,4000
27-05-2025 11:20,57.21672064,5302
27-05-2025 11:21,38.70948229,4488
27-05-2025 11:22,44.75479734,4086
27-05-2025 11:23,54.89374561,3964
27-05-2025 11:24,37.77872191,4107
27-05-2025 11:25,57.1299843,4369
27-05-2025 11:26,47.59674602,3505
27-05-2025 11:27,46.25179192,4653
27-05-2025 11:28,57.10959968,4453
27-05-2025 11:29,54.44263311,4455
27-05-2025 11:30,46.39033834,4315
27-05-2025 11:31,61.59329803,4105
27-05-2025 11:32,39.18936672,4432
27-05-2025 11:33,56.15935607,4391
27-05-2025 11:34,55.93101258,3918
27-05-2025 11:35,46.90453561,3809
27-05-2025 11:36,53.26133022,4146
27-05-2025 11:37,37.48886424,4870
27-05-2025 11:38,59.24027019,3476
27-05-2025 11:39,48.15097864,3362
27-05-2025 11:40,44.77276979,4178
27-05-2025 11:41,60.49009226,4121
27-05-2025 11:42,42.95656309,4182
27-05-2025 11:43,35.91538704,4217
27-05-2025 11:44,34.43370826,3984
27-05-2025 11:45,56.06009951,4840
27-05-2025 11:46,37.19570648,3295
27-05-2025 11:47,67.54794182,3681
27-05-2025 11:48,29.18070592,4044
27-05-2025 11:49,66.96456368,3274
27-05-2025 11:50,52.11017467,4008
27-05-2025 11:51,49.03286888,4926
27-05-2025 11:52,44.55080913,4106
27-05-2025 11:53,53.99136114,4211
27-05-2025 11:54,49.62365298,3465
27-05-2025 11:55,61.03301882,3787
27-05-2025 11:56,51.14227649,3908
27-05-2025 11:57,51.50301761,3937
27-05-2025 11:58,46.36387788,4736
27-05-2025 11:59,49.43054376,4374
27-05-2025 12:00,53.07801769,3540
27-05-2025 12:01,32.89831607,4219
27-05-2025 12:02,36.51814578,4345
27-05-2025 12:03,57.43264094,4666
27-05-2025 12:04,51.70865438,4886
27-05-2025 12:05,48.16016664,3588
27-05-2025 12:06,50.18433933,3690
27-05-2025 12:07,53.47581705,3467
27-05-2025 12:08,44.6024032,3978
27-05-2025 12:09,42.21695275,4329
27-05-2025 12:10,51.95845255,4589
27-05-2025 12:11,40.21627222,4058
27-05-2025 12:12,54.08252756,3936
27-05-2025 12:13,32.97416396,4171
27-05-2025 12:14,60.29155637,3678
27-05-2025 12:15,54.72597482,5140
27-05-2025 12:16,52.56029734,3292
27-05-2025 12:17,59.82690984,4188
27-05-2025 12:18,66.65474444,5107
27-05-2025 12:19,60.14370065,4099
27-05-2025 12:20,31.59125769,4000
27-05-2025 12:21,37.20423033,3917
27-05-2025 12:22,43.75181422,4005
27-05-2025 12:23,50.2609105,4782
27-05-2025 12:24,55.1765902,2990
27-05-2025 12:25,42.74256187,4862
27-05-2025 12:26,51.86766764,3384
27-05-2025 12:27,42.44617068,3962
27-05-2025 12:28,43.88482197,3881
27-05-2025 12:29,35.93338903,4390
27-05-2025 12:30,40.76766754,3296
27-05-2025 12:31,36.48315394,4327
27-05-2025 12:32,40.24126747,5108
27-05-2025 12:33,60.53641797,3414
27-05-2025 12:34,40.50601111,4190
27-05-2025 12:35,76.32382065,3765
27-05-2025 12:36,54.93317901,4308
27-05-2025 12:37,51.84836124,4105
27-05-2025 12:38,41.4164222,3775
27-05-2025 12:39,57.00309879,4339
27-05-2025 12:40,44.24362174,4998
27-05-2025 12:41,51.22009815,4000
27-05-2025 12:42,75.60084538,4455
27-05-2025 12:43,49.039401,3449
27-05-2025 12:44,61.49273326,3617
27-05-2025 12:45,42.96823575,4332
27-05-2025 12:46,49.6501151,4838
27-05-2025 12:47,67.70800636,4273
27-05-2025 12:48,43.73032942,3939
27-05-2025 12:49,68.12448558,4095
27-05-2025 12:50,57.07751935,3470
27-05-2025 12:51,44.37533224,4398
27-05-2025 12:52,56.32407739,4537
27-05-2025 12:53,59.7255445,3869
27-05-2025 12:54,56.21809962,3860
27-05-2025 12:55,34.2977528,4228
27-05-2025 12:56,42.72862824,3877
27-05-2025 12:57,47.52481364,4062
27-05-2025 12:58,49.25566571,5145
27-05-2025 12:59,56.20672098,3972
27-05-2025 13:00,51.77701001,3916
27-05-2025 13:01,36.64655641,3772
27-05-2025 13:02,53.80197851,4468
27-05-2025 13:03,56.10585745,4005
27-05-2025 13:04,55.59790448,3771
27-05-2025 13:05,60.80780726,4756
27-05-2025 13:06,58.33922155,4805
27-05-2025 13:07,54.59180079,3795
27-05-2025 13:08,49.29834289,3162
27-05-2025 13:09,33.39039066,4599
27-05-2025 13:10,54.29618219,3753
27-05-2025 13:11,52.07687687,4491
27-05-2025 13:12,52.71578837,3110
27-05-2025 13:13,37.23251424,4542
27-05-2025 13:14,39.1894346,3490
27-05-2025 13:15,60.53152853,4461
27-05-2025 13:16,49.60444846,4103
27-05-2025 13:17,56.81500697,3619
27-05-2025 13:18,50.28318376,3892
27-05-2025 13:19,50.29756139,4439
27-05-2025 13:20,59.38283806,4148
27-05-2025 13:21,44.83955272,4388
27-05-2025 13:22,50.96120777,5084
27-05-2025 13:23,45.37724711,3313
27-05-2025 13:24,45.65503773,4904
27-05-2025 13:25,46.90827877,4148
27-05-2025 13:26,52.22133772,3646
27-05-2025 13:27,45.21251378,3430
27-05-2025 13:28,62.55756126,4001
27-05-2025 13:29,41.05392698,4556
27-05-2025 13:30,48.13128356,4032
27-05-2025 13:31,45.60268942,4851
27-05-2025 13:32,64.46977884,3370
27-05-2025 13:33,51.96554777,4089
27-05-2025 13:34,60.31844539,3469
27-05-2025 13:35,35.14439627,4277
27-05-2025 13:36,52.67050266,4539
27-05-2025 13:37,58.89630796,3885
27-05-2025 13:38,50.82283989,2793
27-05-2025 13:39,60.65480375,4195
27-05-2025 13:40,44.8271155,4314
27-05-2025 13:41,64.0934744,4298
27-05-2025 13:42,72.98898124,4713
27-05-2025 13:43,46.3716144,3560
27-05-2025 13:44,45.54497479,4436
27-05-2025 13:45,64.53384477,4692
27-05-2025 13:46,65.79572146,3206
27-05-2025 13:47,44.77139973,4255
27-05-2025 13:48,45.79813183,3843
27-05-2025 13:49,47.18215391,4055
27-05-2025 13:50,36.55549489,4269
27-05-2025 13:51,40.81348054,3852
27-05-2025 13:52,39.95859233,3758
27-05-2025 13:53,42.32202435,4113
27-05-2025 13:54,49.65315113,3552
27-05-2025 13:55,52.34214733,3553
27-05-2025 13:56,65.50500493,4435
27-05-2025 13:57,40.01645959,3521
27-05-2025 13:58,59.84322398,4429
27-05-2025 13:59,47.86011156,4327
27-05-2025 14:00,49.5053629,3233
27-05-2025 14:01,56.74819492,3757
27-05-2025 14:02,38.77277978,4693
27-05-2025 14:03,53.82409746,3605
27-05-2025 14:04,51.66452208,3863
27-05-2025 14:05,54.92451264,4327
27-05-2025 14:06,52.89168644,4487
27-05-2025 14:07,74.5530014,3970
27-05-2025 14:08,43.62260016,3797
27-05-2025 14:09,44.69003045,4807
27-05-2025 14:10,43.76859474,4965
27-05-2025 14:11,44.44522881,4585
27-05-2025 14:12,43.62612873,4138
27-05-2025 14:13,61.89016531,3691
27-05-2025 14:14,64.20504248,3680
27-05-2025 14:15,44.29253706,4357
27-05-2025 14:16,41.67644427,4305
27-05-2025 14:17,54.71415556,4796
27-05-2025 14:18,44.47776956,4421
27-05-2025 14:19,56.32931818,3344
27-05-2025 14:20,52.02923021,4621
27-05-2025 14:21,34.84255885,3596
27-05-2025 14:22,65.47505201,3904
27-05-2025 14:23,67.95877673,4221
27-05-2025 14:24,43.8721131,5093
27-05-2025 14:25,46.1229844,5650
27-05-2025 14:26,52.85865391,4399
27-05-2025 14:27,53.3445679,4004
27-05-2025 14:28,56.58544273,4363
27-05-2025 14:29,70.10204539,4539
27-05-2025 14:30,48.23052773,3935
27-05-2025 14:31,42.01702755,4993
27-05-2025 14:32,36.20680772,4211
27-05-2025 14:33,42.6906996,4344
27-05-2025 14:34,49.66873027,4428
27-05-2025 14:35,67.94557864,4306
27-05-2025 14:36,44.82388701,4515
27-05-2025 14:37,52.23787952,3787
27-05-2025 14:38,49.83577104,3816
27-05-2025 14:39,61.88393273,3545
27-05-2025 14:40,75.26932426,4315
27-05-2025 14:41,44.69131227,4485
27-05-2025 14:42,45.10560557,4324
27-05-2025 14:43,60.44160877,4933
27-05-2025 14:44,56.8189149,4093
27-05-2025 14:45,68.46707326,4430
27-05-2025 14:46,55.83928185,3550
27-05-2025 14:47,46.40707909,3902
27-05-2025 14:48,55.90654831,4443
27-05-2025 14:49,61.08703581,4520
27-05-2025 14:50,58.20482181,3949
27-05-2025 14:51,55.07274031,4060
27-05-2025 14:52,60.6667469,3337
27-05-2025 14:53,61.6929559,3917
27-05-2025 14:54,63.82158991,4541
27-05-2025 14:55,56.48709888,4383
27-05-2025 14:56,48.3288192,4346
27-05-2025 14:57,51.46713686,4120
27-05-2025 14:58,62.06508967,4099
27-05-2025 14:59,41.83064329,3765
27-05-2025 15:00,53.68673309,4445
27-05-2025 15:01,46.06661188,4306
27-05-2025 15:02,50.28744823,4342
27-05-2025 15:03,62.78451863,3832
27-05-2025 15:04,51.91099068,3019
27-05-2025 15:05,50.46436548,4644
27-05-2025 15:06,36.40143859,3856
27-05-2025 15:07,57.46253566,3664
27-05-2025 15:08,56.45484181,4442
27-05-2025 15:09,71.63254723,3899
27-05-2025 15:10,46.92221765,4625
27-05-2025 15:11,52.19150328,4404
27-05-2025 15:12,52.49383684,4437
27-05-2025 15:13,65.7745328,3413
27-05-2025 15:14,49.04704468,4701
27-05-2025 15:15,52.79021526,4226
27-05-2025 15:16,56.0789651,3911
27-05-2025 15:17,51.86609123,4167
27-05-2025 15:18,45.53566385,3207
27-05-2025 15:19,51.94089993,4300
27-05-2025 15:20,60.7363175,3581
27-05-2025 15:21,39.73484701,3419
27-05-2025 15:22,51.32969674,3334
27-05-2025 15:23,42.99879185,4652
27-05-2025 15:24,61.95046629,3781
27-05-2025 15:25,34.76813095,4862
27-05-2025 15:26,44.41078153,3828
27-05-2025 15:27,53.77211875,3242
27-05-2025 15:28,65.65524029,3537
27-05-2025 15:29,49.34249739,4713
27-05-2025 15:30,44.44800473,4018
27-05-2025 15:31,68.81157069,3821
27-05-2025 15:32,35.519861,4176
27-05-2025 15:33,28.01194043,4346
27-05-2025 15:34,54.4001445,4654
27-05-2025 15:35,44.97945776,4820
27-05-2025 15:36,39.78767183,3916
27-05-2025 15:37,57.08356447,3432
27-05-2025 15:38,52.43800714,3889
27-05-2025 15:39,44.35921369,4226
27-05-2025 15:40,37.19695601,3614
27-05-2025 15:41,58.72457328,3617
27-05-2025 15:42,56.50201178,4267
27-05-2025 15:43,49.00824136,4071
27-05-2025 15:44,68.46636996,4112
27-05-2025 15:45,39.29915234,3716
27-05-2025 15:46,34.74474829,3980
27-05-2025 15:47,43.0809193,3633
27-05-2025 15:48,49.54413984,4541
27-05-2025 15:49,52.43339449,4613
27-05-2025 15:50,47.58763942,3172
27-05-2025 15:51,53.52055397,3631
27-05-2025 15:52,37.48460576,3347
27-05-2025 15:53,64.43764604,3770
27-05-2025 15:54,49.17848822,4054
27-05-2025 15:55,61.17295832,3371
27-05-2025 15:56,53.42725346,3635
27-05-2025 15:57,54.56753219,3594
27-05-2025 15:58,55.6976728,4199
27-05-2025 15:59,54.4770856,4130
27-05-2025 16:00,56.4272276,3735
27-05-2025 16:01,63.2915253,4184
27-05-2025 16:02,51.9652117,3822
27-05-2025 16:03,57.09003758,3960
27-05-2025 16:04,49.10264306,4932
27-05-2025 16:05,64.40117215,4766
27-05-2025 16:06,43.23607698,3446
27-05-2025 16:07,68.00940433,4510
27-05-2025 16:08,49.59842049,4501
27-05-2025 16:09,35.69224898,3521
27-05-2025 16:10,51.28104415,4505
27-05-2025 16:11,43.18948343,4864
27-05-2025 16:12,58.40643549,3534
27-05-2025 16:13,43.47376021,3637
27-05-2025 16:14,45.53816567,4604
27-05-2025 16:15,31.10459269,4231
27-05-2025 16:16,45.47693681,4371
27-05-2025 16:17,25.76120673,4266
27-05-2025 16:18,34.16097177,4291
27-05-2025 16:19,57.60414656,3432
27-05-2025 16:20,57.85800159,4619
27-05-2025 16:21,54.25457562,4680
27-05-2025 16:22,40.33023857,3981
27-05-2025 16:23,49.52288644,4074
27-05-2025 16:24,49.96397461,3330
27-05-2025 16:25,38.41635311,4353
27-05-2025 16:26,65.03398302,4382
27-05-2025 16:27,58.77362291,4064
27-05-2025 16:28,47.79035826,4658
27-05-2025 16:29,50.26885839,3928
27-05-2025 16:30,52.08382808,4378
27-05-2025 16:31,29.58265132,3586
27-05-2025 16:32,47.52822617,4084
27-05-2025 16:33,43.18015752,4008
27-05-2025 16:34,39.9837999,4208
27-05-2025 16:35,47.18899707,3911
27-05-2025 16:36,67.97686527,4030
27-05-2025 16:37,56.40842861,4509
27-05-2025 16:38,44.2882101,3877
27-05-2025 16:39,55.72582781,3292
27-05-2025 16:40,63.99355437,4970
27-05-2025 16:41,59.24633683,4786
27-05-2025 16:42,50.5963037,3449
27-05-2025 16:43,43.53063222,4440
27-05-2025 16:44,56.98223314,3844
27-05-2025 16:45,53.93485385,4227
27-05-2025 16:46,58.9519322,4243
27-05-2025 16:47,56.35171802,3978
27-05-2025 16:48,60.49552715,3704
27-05-2025 16:49,44.64764788,3750
27-05-2025 16:50,63.17394066,3637
27-05-2025 16:51,51.97599605,3680
27-05-2025 16:52,70.75260873,4062
27-05-2025 16:53,43.10812182,3738
27-05-2025 16:54,67.35963803,4437
27-05-2025 16:55,51.97910783,4839
27-05-2025 16:56,43.48581996,3805
27-05-2025 16:57,45.16114166,4215
27-05-2025 16:58,46.79652692,4345
27-05-2025 16:59,54.24165946,4332
27-05-2025 17:00,55.22835488,4133
27-05-2025 17:01,44.26299996,4467
27-05-2025 17:02,49.75645408,4337
27-05-2025 17:03,71.42270359,3477
27-05-2025 17:04,67.2754317,4530
27-05-2025 17:05,54.3632367,4539
27-05-2025 17:06,50.38003478,3714
27-05-2025 17:07,51.20031327,4114
27-05-2025 17:08,56.13517973,4437
27-05-2025 17:09,39.77207435,3991
27-05-2025 17:10,47.42623463,4632
27-05-2025 17:11,33.31415926,5277
27-05-2025 17:12,53.99223123,3703
27-05-2025 17:13,56.4719594,3405
27-05-2025 17:14,45.16813538,4247
27-05-2025 17:15,65.73986763,4456
27-05-2025 17:16,37.74234337,3980
27-05-2025 17:17,35.3562512,4822
27-05-2025 17:18,52.24451819,3426
27-05-2025 17:19,60.47098303,4442
27-05-2025 17:20,66.83927691,3793
27-05-2025 17:21,45.41115737,4955
27-05-2025 17:22,60.78680833,5092
27-05-2025 17:23,49.6149153,3712
27-05-2025 17:24,48.273727,3821
27-05-2025 17:25,58.83659937,4525
27-05-2025 17:26,56.52322878,3902
27-05-2025 17:27,34.23607843,4073
27-05-2025 17:28,64.7654035,4108
27-05-2025 17:29,63.80091354,3136
27-05-2025 17:30,43.74437298,4089
27-05-2025 17:31,53.95803533,3751
27-05-2025 17:32,54.94030186,3849
27-05-2025 17:33,52.60673766,4817
27-05-2025 17:34,44.49694846,3467
27-05-2025 17:35,43.28376632,4502
27-05-2025 17:36,49.74445929,3956
27-05-2025 17:37,61.72729019,3956
27-05-2025 17:38,55.43600155,4491
27-05-2025 17:39,46.29385668,4266
27-05-2025 17:40,57.71698711,4381
27-05-2025 17:41,21.51457379,4580
27-05-2025 17:42,61.487657,3930
27-05-2025 17:43,32.60286221,3789
27-05-2025 17:44,46.37559059,3553
27-05-2025 17:45,38.80330105,3683
27-05-2025 17:46,37.05318524,5570
27-05-2025 17:47,61.60826787,4718
27-05-2025 17:48,45.32298799,3420
27-05-2025 17:49,53.46503882,3434
27-05-2025 17:50,49.53079421,4336
27-05-2025 17:51,54.77040827,4369
27-05-2025 17:52,50.76821891,4370
27-05-2025 17:53,37.17007776,3968
27-05-2025 17:54,59.96266819,4033
27-05-2025 17:55,45.06243417,4259
27-05-2025 17:56,34.43418101,4138
27-05-2025 17:57,45.71884839,2986
27-05-2025 17:58,65.00759791,3981
27-05-2025 17:59,58.50221742,3670
27-05-2025 18:00,46.51347866,4183
27-05-2025 18:01,46.50742296,5588
27-05-2025 18:02,46.78364949,4279
27-05-2025 18:03,70.76747984,3939
27-05-2025 18:04,53.81935452,4556
27-05-2025 18:05,54.30041647,4337
27-05-2025 18:06,60.30283454,4306
27-05-2025 18:07,52.38789159,4399
27-05-2025 18:08,47.40957854,5124
27-05-2025 18:09,48.03650151,3530
27-05-2025 18:10,49.28398741,4332
27-05-2025 18:11,49.62777763,3632
27-05-2025 18:12,57.27629544,4373
27-05-2025 18:13,50.51945886,3636
27-05-2025 18:14,57.32640077,3887
27-05-2025 18:15,49.1928342,3948
27-05-2025 18:16,50.7863519,4583
27-05-2025 18:17,30.01799315,4555
27-05-2025 18:18,59.16327675,3473
27-05-2025 18:19,53.46488476,4123
27-05-2025 18:20,59.9801011,3741
27-05-2025 18:21,21.03744622,3466
27-05-2025 18:22,70.88374705,3987
27-05-2025 18:23,48.60410372,3941
27-05-2025 18:24,61.08182817,5309
27-05-2025 18:25,39.60094073,4312
27-05-2025 18:26,56.12773905,3407
27-05-2025 18:27,39.46584437,3813
27-05-2025 18:28,43.76231039,4606
27-05-2025 18:29,69.14031354,5140
27-05-2025 18:30,48.09317599,3303
27-05-2025 18:31,52.17432873,3156
27-05-2025 18:32,58.70067731,5031
27-05-2025 18:33,54.95681888,4290
27-05-2025 18:34,51.50418905,3661
27-05-2025 18:35,53.64961002,4363
27-05-2025 18:36,74.03415585,2778
27-05-2025 18:37,49.42381203,4097
27-05-2025 18:38,52.01099047,4259
27-05-2025 18:39,60.50654396,4558
27-05-2025 18:40,61.05525933,3589
27-05-2025 18:41,61.87030306,4138
27-05-2025 18:42,56.38730222,3633
27-05-2025 18:43,38.56995087,4223
27-05-2025 18:44,66.33431532,3648
27-05-2025 18:45,38.53654607,3891
27-05-2025 18:46,53.02635465,3598
27-05-2025 18:47,42.4572415,4421
27-05-2025 18:48,49.35861653,4525
27-05-2025 18:49,53.2876241,3978
27-05-2025 18:50,53.21357215,4115
27-05-2025 18:51,54.21920754,3371
27-05-2025 18:52,66.13711269,3946
27-05-2025 18:53,54.53534302,4070
27-05-2025 18:54,47.55843365,5406
27-05-2025 18:55,59.64087168,3540
27-05-2025 18:56,61.89470489,4828
27-05-2025 18:57,37.72392185,4594
27-05-2025 18:58,55.9740007,4236
27-05-2025 18:59,57.01172742,4975
27-05-2025 19:00,47.02436497,4282
27-05-2025 19:01,63.75706813,4290
27-05-2025 19:02,48.49944413,4069
27-05-2025 19:03,51.25576453,4707
27-05-2025 19:04,48.26928176,4644
27-05-2025 19:05,50.15579048,3783
27-05-2025 19:06,39.03724913,3436
27-05-2025 19:07,35.59949117,3994
27-05-2025 19:08,65.94505063,3695
27-05-2025 19:09,41.53038652,4064
27-05-2025 19:10,40.08607651,4714
27-05-2025 19:11,28.46609886,3867
27-05-2025 19:12,43.61038252,4074
27-05-2025 19:13,36.76910207,4125
27-05-2025 19:14,66.4201516,4520
27-05-2025 19:15,60.09817089,2972
27-05-2025 19:16,43.11849655,3792
27-05-2025 19:17,72.52435805,4201
27-05-2025 19:18,59.81765487,4696
27-05-2025 19:19,46.75168616,3850
27-05-2025 19:20,25.00594285,3157
27-05-2025 19:21,72.90942573,4405
27-05-2025 19:22,36.10427533,3778
27-05-2025 19:23,33.54601253,3501
27-05-2025 19:24,60.22570432,3783
27-05-2025 19:25,74.39752406,4003
27-05-2025 19:26,63.84272819,3793
27-05-2025 19:27,55.6390912,2993
27-05-2025 19:28,55.94754342,4544
27-05-2025 19:29,58.53415559,4733
27-05-2025 19:30,57.5892859,4421
27-05-2025 19:31,52.81191424,3527
27-05-2025 19:32,51.04201104,3995
27-05-2025 19:33,49.37406872,4092
27-05-2025 19:34,42.46035411,4395
27-05-2025 19:35,47.19324923,4430
27-05-2025 19:36,33.07043186,3728
27-05-2025 19:37,49.01660373,4136
27-05-2025 19:38,40.11408893,4324
27-05-2025 19:39,38.96410683,4823
27-05-2025 19:40,51.79894151,4448
27-05-2025 19:41,63.92002286,4490
27-05-2025 19:42,59.18316606,4137
27-05-2025 19:43,34.29499396,4801
27-05-2025 19:44,40.10371863,4300
27-05-2025 19:45,59.40771188,3665
27-05-2025 19:46,40.17512606,4797
27-05-2025 19:47,47.7536685,4444
27-05-2025 19:48,55.50052099,3874
27-05-2025 19:49,40.31655545,3856
27-05-2025 19:50,51.05375506,4244
27-05-2025 19:51,36.65974505,4327
27-05-2025 19:52,43.98632356,4194
27-05-2025 19:53,53.19781934,4251
27-05-2025 19:54,34.07006266,4945
27-05-2025 19:55,54.40474738,4631
27-05-2025 19:56,49.80362201,4191
27-05-2025 19:57,55.52489954,4566
27-05-2025 19:58,52.23914134,3579
27-05-2025 19:59,63.6414043,4294
27-05-2025 20:00,51.25224503,5000
27-05-2025 20:01,45.70594459,3986
27-05-2025 20:02,51.22297503,3672
27-05-2025 20:03,55.43298029,3769
27-05-2025 20:04,50.4886007,3551
27-05-2025 20:05,50.40591691,3703
27-05-2025 20:06,42.98008312,3910
27-05-2025 20:07,43.37099082,3393
27-05-2025 20:08,35.97394728,4103
27-05-2025 20:09,67.49576743,4547
27-05-2025 20:10,37.56136765,3642
27-05-2025 20:11,43.07094802,4855
27-05-2025 20:12,42.81592734,4351
27-05-2025 20:13,58.94924377,4611
27-05-2025 20:14,47.05050322,3767
27-05-2025 20:15,62.47742073,4523
27-05-2025 20:16,43.26509376,3550
27-05-2025 20:17,52.78994162,4541
27-05-2025 20:18,41.64652947,4181
27-05-2025 20:19,71.45149128,4372
27-05-2025 20:20,38.12401581,3508
27-05-2025 20:21,53.0982071,3648
27-05-2025 20:22,56.33776881,4394
27-05-2025 20:23,54.13799097,3621
27-05-2025 20:24,48.14712341,4327
27-05-2025 20:25,48.701793,3412
27-05-2025 20:26,50.43811472,4520
27-05-2025 20:27,48.52997998,3479
27-05-2025 20:28,59.63879117,4372
27-05-2025 20:29,72.10523002,4408
27-05-2025 20:30,44.42508215,3747
27-05-2025 20:31,36.3019702,4387
27-05-2025 20:32,49.11717952,4226
27-05-2025 20:33,75.79709338,3826
27-05-2025 20:34,41.96325432,3591
27-05-2025 20:35,66.39116805,3114
27-05-2025 20:36,66.77700814,4270
27-05-2025 20:37,44.46411758,3313
27-05-2025 20:38,55.68983079,4143
27-05-2025 20:39,66.28396623,3964
27-05-2025 20:40,46.20872259,4435
27-05-2025 20:41,47.9641964,3944
27-05-2025 20:42,44.18319086,3931
27-05-2025 20:43,39.85243269,4461
27-05-2025 20:44,43.50722455,4263
27-05-2025 20:45,37.76059733,4254
27-05-2025 20:46,50.34083468,4330
27-05-2025 20:47,42.30026769,3328
27-05-2025 20:48,52.33785912,4474
27-05-2025 20:49,34.44104354,4402
27-05-2025 20:50,53.30880232,3587
27-05-2025 20:51,58.33528962,3973
27-05-2025 20:52,30.06264357,4076
27-05-2025 20:53,53.7405657,4028
27-05-2025 20:54,62.27668992,4262
27-05-2025 20:55,37.90358981,4811
27-05-2025 20:56,66.72572387,4636
27-05-2025 20:57,54.19019009,3439
27-05-2025 20:58,42.94988144,4407
27-05-2025 20:59,49.44230922,4760
27-05-2025 21:00,55.58326913,4289
27-05-2025 21:01,50.76005391,4641
27-05-2025 21:02,55.38755992,5102
27-05-2025 21:03,40.79326407,4607
27-05-2025 21:04,51.69360824,4220
27-05-2025 21:05,35.86285503,4618
27-05-2025 21:06,48.88773939,4168
27-05-2025 21:07,40.96092359,4107
27-05-2025 21:08,42.64470057,3920
27-05-2025 21:09,62.36093175,4877
27-05-2025 21:10,60.91310121,3686
27-05-2025 21:11,56.09138121,4862
27-05-2025 21:12,39.07687235,4345
27-05-2025 21:13,46.8359155,3396
27-05-2025 21:14,62.130977,4279
27-05-2025 21:15,51.41716914,3045
27-05-2025 21:16,73.1932954,4408
27-05-2025 21:17,53.93317839,4538
27-05-2025 21:18,51.92049116,3799
27-05-2025 21:19,46.90883536,4157
27-05-2025 21:20,51.33540905,5073
27-05-2025 21:21,48.47530164,3843
27-05-2025 21:22,57.08108677,3566
27-05-2025 21:23,59.56702317,4836
27-05-2025 21:24,42.14010539,5077
27-05-2025 21:25,36.68767046,4097
27-05-2025 21:26,31.63794627,4601
27-05-2025 21:27,55.07991327,4766
27-05-2025 21:28,38.96633394,3724
27-05-2025 21:29,28.47109407,3853
27-05-2025 21:30,53.88578605,4711
27-05-2025 21:31,74.92999517,4938
27-05-2025 21:32,49.93929088,4377
27-05-2025 21:33,58.38490774,3656
27-05-2025 21:34,50.81829359,5089
27-05-2025 21:35,49.01110347,3830
27-05-2025 21:36,59.19076483,3928
27-05-2025 21:37,47.09725456,4267
27-05-2025 21:38,52.67392314,4873
27-05-2025 21:39,53.21697806,4522
27-05-2025 21:40,43.31909546,4303
27-05-2025 21:41,59.9204235,4327
27-05-2025 21:42,48.25040243,4117
27-05-2025 21:43,42.44254841,4375
27-05-2025 21:44,55.36509844,2831
27-05-2025 21:45,41.01532018,3947
27-05-2025 21:46,50.28181157,4216
27-05-2025 21:47,49.90881003,3520
27-05-2025 21:48,60.85895566,4289
27-05-2025 21:49,54.74698233,3993
27-05-2025 21:50,49.74973041,4973
27-05-2025 21:51,58.17766299,4882
27-05-2025 21:52,63.90207549,3863
27-05-2025 21:53,55.57810306,4020
27-05-2025 21:54,50.1035262,4059
27-05-2025 21:55,36.88163768,3870
27-05-2025 21:56,39.34886337,4193
27-05-2025 21:57,46.94775296,3716
27-05-2025 21:58,43.90487798,3530
27-05-2025 21:59,48.13028697,4407
27-05-2025 22:00,50.56649925,4410
27-05-2025 22:01,55.29692754,3693
27-05-2025 22:02,49.29501222,4543
27-05-2025 22:03,54.86501644,3780
27-05-2025 22:04,50.64474415,4222
27-05-2025 22:05,30.24533434,4506
27-05-2025 22:06,40.60664606,4079
27-05-2025 22:07,48.55912444,4323
27-05-2025 22:08,37.90305257,3837
27-05-2025 22:09,55.9992873,3997
27-05-2025 22:10,65.30750832,3993
27-05-2025 22:11,62.18761852,3722
27-05-2025 22:12,47.86557129,4007
27-05-2025 22:13,64.90726137,3321
27-05-2025 22:14,51.48667457,3850
27-05-2025 22:15,46.62914029,3953
27-05-2025 22:16,43.86597336,3967
27-05-2025 22:17,46.97530314,3975
27-05-2025 22:18,46.11823181,4065
27-05-2025 22:19,51.70416222,4335
27-05-2025 22:20,51.60573981,4533
27-05-2025 22:21,50.0304602,3771
27-05-2025 22:22,54.3693817,3494
27-05-2025 22:23,61.90646275,3574
27-05-2025 22:24,59.49554135,3852
27-05-2025 22:25,35.15102032,3920
27-05-2025 22:26,24.46078865,3711
27-05-2025 22:27,59.34319911,3447
27-05-2025 22:28,36.33121302,3867
27-05-2025 22:29,47.75234598,4186
27-05-2025 22:30,38.29886974,4393
27-05-2025 22:31,31.98019562,3817
27-05-2025 22:32,55.41462728,3889
27-05-2025 22:33,57.5915516,3632
27-05-2025 22:34,44.23489599,4080
27-05-2025 22:35,24.08957708,3671
27-05-2025 22:36,44.53755552,4382
27-05-2025 22:37,53.91804005,3203
27-05-2025 22:38,35.21088431,3916
27-05-2025 22:39,51.8335992,4246
27-05-2025 22:40,49.84690151,4187
27-05-2025 22:41,55.792915,5442
27-05-2025 22:42,51.19580368,4270
27-05-2025 22:43,40.26931059,3593
27-05-2025 22:44,61.96571502,4048
27-05-2025 22:45,48.41470427,3207
27-05-2025 22:46,49.7269546,4055
27-05-2025 22:47,40.66732041,3679
27-05-2025 22:48,45.56717749,4553
27-05-2025 22:49,41.15197286,3821
27-05-2025 22:50,48.2705394,4037
27-05-2025 22:51,67.1170848,3778
27-05-2025 22:52,36.28098857,4965
27-05-2025 22:53,33.86438602,3935
27-05-2025 22:54,64.71170327,5012
27-05-2025 22:55,47.90676323,4503
27-05-2025 22:56,43.30927261,4337
27-05-2025 22:57,60.39904687,4280
27-05-2025 22:58,43.9438446,4292
27-05-2025 22:59,68.26009714,3132
27-05-2025 23:00,56.77925871,3956
27-05-2025 23:01,45.12088592,4518
27-05-2025 23:02,71.57308213,4071
27-05-2025 23:03,43.94285077,3393
27-05-2025 23:04,57.42095372,4069
27-05-2025 23:05,52.9929258,4948
27-05-2025 23:06,63.01741289,4719
27-05-2025 23:07,65.61511197,4064
27-05-2025 23:08,50.32004149,4571
27-05-2025 23:09,42.4658213,3912
27-05-2025 23:10,54.59972143,3244
27-05-2025 23:11,43.2228463,3633
27-05-2025 23:12,70.13387248,4877
27-05-2025 23:13,51.36535331,3959
27-05-2025 23:14,46.34678449,3974
27-05-2025 23:15,51.84680306,3946
27-05-2025 23:16,36.5287371,5048
27-05-2025 23:17,40.28385961,4908
27-05-2025 23:18,62.00413908,5205
27-05-2025 23:19,43.43105721,4016
27-05-2025 23:20,39.53089017,4243
27-05-2025 23:21,55.36652753,3337
27-05-2025 23:22,61.85704155,4834
27-05-2025 23:23,57.18953311,3512
27-05-2025 23:24,59.96047686,4204
27-05-2025 23:25,42.43204911,3547
27-05-2025 23:26,35.78189333,3801
27-05-2025 23:27,65.01333652,3677
27-05-2025 23:28,46.77320161,3792
27-05-2025 23:29,47.49166984,3826
27-05-2025 23:30,63.28194142,3821
27-05-2025 23:31,55.56230009,4512
27-05-2025 23:32,54.55887772,3543
27-05-2025 23:33,71.65002345,4206
27-05-2025 23:34,43.5648177,4704
27-05-2025 23:35,59.27840128,3839
27-05-2025 23:36,50.57013125,3737
27-05-2025 23:37,52.68592279,3980
27-05-2025 23:38,65.28468426,4685
27-05-2025 23:39,55.07835756,4193
27-05-2025 23:40,55.38296079,3830
27-05-2025 23:41,60.72507337,4337
27-05-2025 23:42,46.3504727,3544
27-05-2025 23:43,41.60790333,4436
27-05-2025 23:44,39.55190806,4300
27-05-2025 23:45,30.33643411,3942
27-05-2025 23:46,70.5620713,3676
27-05-2025 23:47,38.96791634,3652
27-05-2025 23:48,47.78746376,4363
27-05-2025 23:49,47.231867,4710
27-05-2025 23:50,53.07406698,3777
27-05-2025 23:51,58.15737213,4325
27-05-2025 23:52,58.60473488,3052
27-05-2025 23:53,44.16922561,3803
27-05-2025 23:54,48.32878286,4080
27-05-2025 23:55,52.8257995,3641
27-05-2025 23:56,47.51308874,3627
27-05-2025 23:57,66.07345576,3762
27-05-2025 23:58,54.90974952,4242
27-05-2025 23:59,57.34877786,4002
